codIBGE,nomeSidra,ano,populacaoTotal,semInstrucao,fundamentalIncompleto,fundamentalCompleto,medioIncompleto,medioCompleto,superiorIncompleto,superiorCompleto,naoDeterminado,pctEnsinoMedioOuMais
1100205,Porto Velho,2012,453.0,36.75,152.5,41.0,28.5,98.75,22.5,33.5,,34.16
1100205,Porto Velho,2013,460.25,39.0,148.25,47.0,28.25,103.25,21.75,33.0,,34.33
1100205,Porto Velho,2014,467.5,35.25,156.25,46.75,29.25,107.25,20.75,34.75,,34.81
1100205,Porto Velho,2015,474.25,34.25,155.25,41.0,30.5,111.25,23.5,39.0,,36.64
1100205,Porto Velho,2016,480.5,41.25,150.75,37.75,27.75,110.5,22.0,48.25,,37.62
1100205,Porto Velho,2017,486.0,33.25,156.75,33.75,35.0,111.5,25.0,50.5,,38.48
1100205,Porto Velho,2018,491.5,27.5,154.0,29.75,35.5,119.75,29.5,55.25,,41.61
1100205,Porto Velho,2019,496.5,27.75,144.25,32.0,40.0,123.75,29.5,60.75,,43.1
1100205,Porto Velho,2020,499.0,31.0,157.0,34.0,36.0,117.0,27.0,56.0,,40.08
1100205,Porto Velho,2022,509.0,40.666666666666664,144.66666666666666,27.333333333333332,39.0,138.0,21.666666666666668,63.666666666666664,,43.88
1200401,Rio Branco,2012,360.5,37.5,111.5,38.5,20.0,72.25,15.75,32.5,,33.43
1200401,Rio Branco,2013,364.5,36.75,112.25,38.25,23.0,70.75,18.75,32.25,,33.4
1200401,Rio Branco,2014,367.5,32.0,113.5,37.0,23.75,74.0,21.25,32.5,,34.76
1200401,Rio Branco,2015,370.75,36.25,110.75,37.75,21.75,74.5,21.5,35.25,,35.4
1200401,Rio Branco,2016,373.75,32.75,113.0,32.5,23.25,79.25,21.75,39.25,,37.53
1200401,Rio Branco,2017,376.0,32.25,113.25,30.5,24.5,81.0,23.5,41.25,,38.76
1200401,Rio Branco,2018,378.5,28.5,112.25,28.75,24.0,83.0,22.75,46.0,,40.09
1200401,Rio Branco,2019,380.5,29.75,111.0,28.5,24.75,83.75,21.75,50.75,,41.06
1200401,Rio Branco,2020,382.0,30.0,106.0,29.0,28.0,88.0,21.0,50.0,,41.62
1200401,Rio Branco,2022,386.0,31.666666666666668,105.33333333333333,24.0,28.333333333333332,87.33333333333333,21.0,59.333333333333336,,43.44
1302603,Manaus,2012,1921.0,118.5,626.75,142.5,124.25,500.75,96.5,134.0,,38.07
1302603,Manaus,2013,1957.25,110.5,615.75,147.75,122.25,517.25,105.0,151.75,,39.55
1302603,Manaus,2014,1992.0,118.5,627.5,141.75,130.0,522.75,105.0,160.75,,39.58
1302603,Manaus,2015,2025.75,133.25,592.75,163.75,119.5,545.25,105.25,177.25,,40.86
1302603,Manaus,2016,2059.0,131.5,566.0,156.5,131.0,569.0,108.0,208.5,,43.01
1302603,Manaus,2017,2090.25,126.0,574.0,133.25,138.25,585.75,126.0,226.5,,44.89
1302603,Manaus,2018,2121.0,115.0,571.5,129.75,139.5,608.25,134.75,259.5,,47.27
1302603,Manaus,2019,2150.5,110.25,548.5,129.5,137.75,615.75,146.0,287.25,,48.78
1302603,Manaus,2020,2169.0,108.0,537.0,130.0,139.0,653.0,153.0,288.0,,50.44
1302603,Manaus,2022,2236.6666666666665,126.66666666666667,544.0,127.66666666666667,132.33333333333334,681.6666666666666,136.66666666666666,313.6666666666667,,50.61
1400100,Boa Vista,2012,311.0,20.25,91.0,25.75,20.0,74.0,18.75,29.0,,39.15
1400100,Boa Vista,2013,319.75,21.75,91.5,27.0,21.5,72.5,18.75,33.75,,39.09
1400100,Boa Vista,2014,329.5,22.0,91.0,28.25,23.25,78.0,19.25,35.25,,40.21
1400100,Boa Vista,2015,340.5,22.5,99.5,23.5,24.0,80.25,21.75,37.75,,41.04
1400100,Boa Vista,2016,351.75,26.75,97.25,22.5,25.5,86.5,18.5,39.5,,41.08
1400100,Boa Vista,2017,364.5,26.5,98.25,22.25,27.0,88.25,23.25,43.0,,42.39
1400100,Boa Vista,2018,377.75,25.5,100.0,21.0,28.75,93.5,28.0,49.5,,45.27
1400100,Boa Vista,2019,391.5,28.75,96.75,21.5,28.25,103.75,26.75,52.0,,46.62
1400100,Boa Vista,2020,400.0,23.0,104.0,21.0,31.0,105.0,28.0,49.0,,45.5
1400100,Boa Vista,2022,438.0,33.333333333333336,94.0,29.666666666666668,31.333333333333332,129.0,24.333333333333332,57.333333333333336,,48.1
1501402,Belém,2012,1418.75,73.25,493.5,114.5,117.75,365.5,45.75,96.75,,35.81
1501402,Belém,2013,1416.5,73.5,451.25,124.75,107.5,367.75,49.5,124.5,,38.25
1501402,Belém,2014,1414.5,66.75,451.5,113.5,117.25,378.5,59.75,120.0,,39.47
1501402,Belém,2015,1412.5,74.5,451.25,117.25,118.0,362.75,62.0,117.0,,38.35
1501402,Belém,2016,1410.5,74.0,429.5,105.0,116.25,374.25,65.5,143.75,,41.37
1501402,Belém,2017,1408.75,71.25,416.0,102.0,112.0,381.0,69.5,166.75,,43.82
1501402,Belém,2018,1407.0,68.5,410.25,98.25,111.25,360.25,74.25,195.0,,44.74
1501402,Belém,2019,1405.5,65.0,381.5,95.0,108.5,378.0,71.25,216.25,,47.35
1501402,Belém,2020,1404.0,54.0,368.0,92.0,102.0,392.0,78.0,230.0,,49.86
1501402,Belém,2022,1400.6666666666667,59.666666666666664,325.6666666666667,91.0,109.33333333333333,396.3333333333333,80.33333333333333,261.3333333333333,,52.69
1600303,Macapá,2012,427.0,34.25,144.75,32.75,31.25,92.0,21.25,31.25,,33.84
1600303,Macapá,2013,435.0,41.75,136.0,32.5,33.0,94.0,20.5,37.25,,34.89
1600303,Macapá,2014,442.25,35.0,131.25,38.25,30.75,101.0,21.75,45.75,,38.1
1600303,Macapá,2015,449.0,35.5,139.75,32.5,27.25,102.5,22.5,47.75,,38.47
1600303,Macapá,2016,455.0,33.5,131.5,29.75,31.75,103.75,26.25,55.25,,40.71
1600303,Macapá,2017,461.0,30.75,138.0,29.75,34.75,100.5,30.5,55.5,,40.46
1600303,Macapá,2018,466.0,35.0,139.75,27.5,32.5,107.0,30.75,56.0,,41.58
1600303,Macapá,2019,470.5,35.0,131.25,25.25,34.75,110.75,31.25,60.0,,42.93
1600303,Macapá,2020,473.0,35.0,129.0,24.0,37.0,112.0,34.0,62.0,,43.97
1600303,Macapá,2022,483.0,35.333333333333336,124.0,26.666666666666668,31.666666666666668,119.33333333333333,30.666666666666668,78.0,,47.2
1721000,Palmas,2012,247.0,15.0,62.0,17.75,19.0,61.0,17.25,32.25,,44.74
1721000,Palmas,2013,255.0,16.75,60.75,21.25,18.75,67.5,18.75,29.75,,45.49
1721000,Palmas,2014,262.0,16.5,67.25,20.5,21.25,65.25,18.25,29.5,,43.13
1721000,Palmas,2015,269.5,22.0,65.0,23.5,17.0,65.5,20.0,33.5,,44.16
1721000,Palmas,2016,276.5,22.75,69.0,19.25,19.5,71.0,19.0,33.0,,44.48
1721000,Palmas,2017,283.5,20.0,68.75,17.0,19.25,74.0,19.5,42.75,,48.06
1721000,Palmas,2018,289.75,18.5,68.75,16.75,21.0,70.0,22.0,48.75,,48.58
1721000,Palmas,2019,296.0,15.25,73.5,15.0,21.5,70.0,23.0,49.5,,48.14
1721000,Palmas,2020,300.0,13.0,68.0,15.0,21.0,79.0,26.0,53.0,,52.67
1721000,Palmas,2022,314.3333333333333,17.0,60.666666666666664,11.333333333333334,17.666666666666668,83.33333333333333,25.666666666666668,75.0,,58.54
2111300,São Luís,2012,1040.75,57.25,262.0,109.5,58.75,358.75,39.75,79.5,,45.93
2111300,São Luís,2013,1047.5,60.75,254.25,116.0,63.75,356.5,43.5,74.75,,45.32
2111300,São Luís,2014,1053.5,56.75,242.25,107.0,67.25,367.25,44.0,87.5,,47.34
2111300,São Luís,2015,1059.25,62.75,258.25,95.25,65.75,366.0,53.25,87.25,,47.82
2111300,São Luís,2016,1064.5,62.5,248.25,93.5,73.0,360.75,53.25,97.25,,48.03
2111300,São Luís,2017,1069.0,67.0,249.5,89.0,71.75,355.75,57.75,104.75,,48.48
2111300,São Luís,2018,1073.5,57.25,247.25,83.75,71.0,358.0,64.75,123.0,,50.84
2111300,São Luís,2019,1076.5,58.25,241.25,69.25,69.5,368.75,66.25,131.5,,52.62
2111300,São Luís,2020,1079.0,48.0,259.0,67.0,64.0,360.0,77.0,136.0,,53.1
2111300,São Luís,2022,1085.3333333333333,59.0,213.66666666666666,69.0,66.0,366.0,65.33333333333333,177.66666666666666,,56.11
2211001,Teresina,2012,846.5,63.5,294.5,67.75,66.75,184.5,36.5,70.75,,34.47
2211001,Teresina,2013,852.0,60.0,273.75,70.25,70.0,197.5,41.0,78.75,,37.24
2211001,Teresina,2014,857.75,60.0,267.25,64.5,76.0,190.75,44.25,83.0,,37.07
2211001,Teresina,2015,863.0,64.5,265.75,65.0,68.5,200.5,45.0,89.25,,38.79
2211001,Teresina,2016,868.25,58.75,271.0,66.5,73.75,193.75,38.75,102.0,,38.53
2211001,Teresina,2017,873.25,49.75,288.0,65.75,71.0,194.5,41.25,101.75,,38.65
2211001,Teresina,2018,878.0,53.0,281.0,60.75,65.0,204.25,57.5,100.0,,41.2
2211001,Teresina,2019,882.5,56.25,272.5,56.75,65.0,205.0,59.75,106.75,,42.1
2211001,Teresina,2020,885.0,87.0,257.0,65.0,54.0,193.0,56.0,132.0,,43.05
2211001,Teresina,2022,896.0,55.333333333333336,222.0,43.0,54.0,235.33333333333334,61.666666666666664,171.66666666666666,,52.31
2304400,Fortaleza,2012,2506.75,187.25,769.25,235.75,166.25,606.0,113.0,244.75,,38.45
2304400,Fortaleza,2013,2513.75,202.75,703.25,274.25,149.5,621.5,133.5,254.75,,40.17
2304400,Fortaleza,2014,2520.5,216.25,696.75,287.0,142.75,642.0,123.25,245.0,,40.08
2304400,Fortaleza,2015,2526.75,210.0,728.75,257.75,151.5,634.0,123.75,243.25,,39.62
2304400,Fortaleza,2016,2533.0,180.5,723.5,256.0,170.0,641.75,127.0,256.0,,40.46
2304400,Fortaleza,2017,2539.0,162.25,734.75,222.5,171.0,638.0,146.0,290.0,,42.3
2304400,Fortaleza,2018,2545.0,147.25,712.25,194.0,184.5,650.0,154.75,345.5,,45.2
2304400,Fortaleza,2019,2550.25,138.75,701.5,185.5,168.25,661.5,161.25,365.0,,46.57
2304400,Fortaleza,2020,2554.0,115.0,696.0,204.0,146.0,685.0,150.0,380.0,,47.57
2304400,Fortaleza,2022,2566.0,169.33333333333334,645.6666666666666,187.66666666666666,202.0,705.6666666666666,147.0,360.3333333333333,,47.27
2408102,Natal,2012,808.75,61.25,269.25,63.75,58.25,190.75,39.5,66.75,,36.72
2408102,Natal,2013,806.0,51.75,273.75,59.75,58.5,189.25,41.75,74.0,,37.84
2408102,Natal,2014,803.25,48.0,255.75,63.75,53.75,196.0,42.75,93.25,,41.33
2408102,Natal,2015,800.75,44.5,247.25,57.75,51.5,195.0,48.25,104.75,,43.46
2408102,Natal,2016,798.5,42.75,243.0,59.25,53.5,197.25,43.0,112.25,,44.15
2408102,Natal,2017,796.0,45.5,241.25,56.0,55.0,197.75,41.25,111.0,,43.97
2408102,Natal,2018,794.0,45.0,240.25,50.25,46.75,183.75,49.75,126.75,,45.37
2408102,Natal,2019,792.5,53.5,235.25,45.5,50.0,176.25,45.75,139.25,,45.58
2408102,Natal,2020,791.0,44.0,224.0,43.0,53.0,196.0,38.0,146.0,,48.04
2408102,Natal,2022,787.3333333333334,40.333333333333336,185.66666666666666,51.333333333333336,64.66666666666667,199.66666666666666,52.333333333333336,146.33333333333334,,50.59
2507507,João Pessoa,2012,756.5,50.25,244.75,56.75,47.0,162.5,41.5,94.75,,39.49
2507507,João Pessoa,2013,769.25,46.5,233.0,57.5,48.0,169.75,46.0,107.25,,41.99
2507507,João Pessoa,2014,780.75,47.25,232.75,60.75,45.75,173.75,46.0,115.0,,42.88
2507507,João Pessoa,2015,792.5,48.25,235.25,56.0,42.25,185.75,52.5,115.5,,44.64
2507507,João Pessoa,2016,804.5,53.0,229.75,51.75,46.75,189.0,46.25,134.25,,45.93
2507507,João Pessoa,2017,815.75,52.5,225.75,51.5,51.75,177.5,52.5,150.25,,46.61
2507507,João Pessoa,2018,827.0,51.75,224.5,50.75,51.25,193.25,51.75,147.75,,47.49
2507507,João Pessoa,2019,838.0,45.0,233.5,50.5,51.0,190.75,48.25,155.5,,47.08
2507507,João Pessoa,2020,845.0,45.0,220.0,58.0,54.0,197.0,42.0,162.0,,47.46
2507507,João Pessoa,2022,870.3333333333334,58.666666666666664,224.66666666666666,54.0,53.666666666666664,201.0,47.333333333333336,169.33333333333334,,47.99
2611606,Recife,2012,1573.5,83.75,460.5,122.75,91.0,338.25,87.5,277.75,,44.71
2611606,Recife,2013,1575.25,84.5,482.5,114.25,105.25,332.75,80.0,270.25,,43.36
2611606,Recife,2014,1576.75,100.0,462.0,113.75,95.0,361.0,81.5,253.25,,44.13
2611606,Recife,2015,1578.25,92.25,425.5,119.5,96.0,385.5,74.5,282.5,,47.05
2611606,Recife,2016,1579.5,94.75,434.0,100.25,93.5,380.25,76.0,293.25,,47.45
2611606,Recife,2017,1580.75,101.0,413.75,121.25,96.0,387.5,79.5,280.0,,47.26
2611606,Recife,2018,1582.25,90.0,425.75,100.0,101.5,383.0,87.75,279.5,,47.42
2611606,Recife,2019,1583.25,84.25,434.5,93.5,87.0,411.25,88.75,279.0,,49.2
2611606,Recife,2020,1584.0,69.0,417.0,97.0,71.0,424.0,109.0,295.0,,52.27
2611606,Recife,2022,1586.3333333333333,101.33333333333333,423.3333333333333,86.33333333333333,98.33333333333333,434.6666666666667,82.33333333333333,268.6666666666667,,49.53
2704302,Maceió,2012,950.75,92.0,313.0,102.25,55.0,204.75,39.5,78.25,,33.92
2704302,Maceió,2013,957.5,89.75,322.75,96.0,58.25,197.0,41.75,84.75,,33.79
2704302,Maceió,2014,963.5,108.5,315.0,87.75,49.25,191.0,41.25,98.25,,34.3
2704302,Maceió,2015,969.0,94.5,311.0,78.75,56.25,206.25,43.0,106.0,,36.66
2704302,Maceió,2016,973.75,81.0,327.5,74.5,61.0,216.25,45.5,101.5,,37.3
2704302,Maceió,2017,978.5,77.25,326.5,70.75,59.5,239.75,41.25,95.75,,38.5
2704302,Maceió,2018,982.25,65.25,327.5,70.75,64.25,237.5,45.0,103.75,,39.32
2704302,Maceió,2019,985.5,65.0,329.5,73.0,63.25,227.25,40.75,124.5,,39.83
2704302,Maceió,2020,987.0,67.0,293.0,59.0,75.0,232.0,51.0,129.0,,41.74
2704302,Maceió,2022,993.0,68.66666666666667,301.6666666666667,65.0,68.66666666666667,246.0,51.333333333333336,120.33333333333333,,42.06
2800308,Aracaju,2012,588.25,35.25,177.0,43.25,32.5,132.75,41.25,79.5,,43.09
2800308,Aracaju,2013,592.75,40.0,165.0,48.25,32.0,133.0,45.0,85.25,,44.41
2800308,Aracaju,2014,597.5,34.0,170.5,45.5,33.25,132.5,43.0,93.5,,45.02
2800308,Aracaju,2015,601.5,41.25,166.25,44.5,33.25,134.5,39.25,102.25,,45.89
2800308,Aracaju,2016,605.5,36.25,167.5,41.75,36.5,145.0,38.25,99.5,,46.7
2800308,Aracaju,2017,609.5,32.75,171.0,39.75,39.75,145.75,40.5,99.25,,46.84
2800308,Aracaju,2018,612.5,39.25,172.25,39.75,34.5,140.75,41.5,105.0,,46.9
2800308,Aracaju,2019,616.0,35.0,168.75,34.5,34.25,154.25,42.0,106.75,,49.19
2800308,Aracaju,2020,618.0,33.0,152.0,32.0,41.0,167.0,44.0,105.0,,51.13
2800308,Aracaju,2022,624.6666666666666,34.0,163.33333333333334,32.666666666666664,37.666666666666664,157.33333333333334,43.666666666666664,121.66666666666667,,51.65
2927408,Salvador,2012,2695.25,129.5,826.5,176.75,181.75,757.0,140.0,308.25,,44.72
2927408,Salvador,2013,2680.5,124.75,786.0,193.25,191.25,770.75,120.5,308.5,,44.76
2927408,Salvador,2014,2666.25,119.25,731.25,176.5,184.5,788.5,149.75,348.25,,48.25
2927408,Salvador,2015,2653.0,110.75,671.25,160.5,154.0,834.0,169.5,392.25,,52.61
2927408,Salvador,2016,2640.5,114.0,706.0,153.5,175.75,784.75,171.25,379.25,,50.57
2927408,Salvador,2017,2629.0,138.25,671.75,144.5,188.0,761.5,171.25,396.25,,50.55
2927408,Salvador,2018,2618.0,121.0,678.0,138.25,149.75,758.25,198.0,421.75,,52.64
2927408,Salvador,2019,2608.0,110.5,658.0,132.25,159.5,750.5,186.25,466.75,,53.82
2927408,Salvador,2020,2602.0,95.0,605.0,133.0,183.0,743.0,188.0,508.0,,55.3
2927408,Salvador,2022,2581.3333333333335,128.33333333333334,596.6666666666666,138.33333333333334,166.66666666666666,811.3333333333334,138.0,460.0,,54.6
3106200,Belo Horizonte,2012,2424.25,106.0,646.75,211.25,134.75,562.5,157.25,451.5,,48.31
3106200,Belo Horizonte,2013,2423.5,99.25,654.0,209.0,144.25,560.5,177.75,442.75,,48.73
3106200,Belo Horizonte,2014,2422.75,91.5,623.75,211.5,139.25,580.25,167.75,467.5,,50.17
3106200,Belo Horizonte,2015,2422.0,86.0,660.75,207.0,145.25,555.25,158.75,456.25,,48.32
3106200,Belo Horizonte,2016,2421.0,90.0,594.5,201.25,159.0,584.75,174.0,468.0,,50.67
3106200,Belo Horizonte,2017,2420.5,91.5,616.5,200.0,151.75,602.0,155.25,451.25,,49.93
3106200,Belo Horizonte,2018,2419.75,87.75,590.0,196.25,161.25,569.0,160.25,507.5,,51.11
3106200,Belo Horizonte,2019,2419.0,91.0,589.75,187.25,145.5,584.25,157.5,502.0,,51.42
3106200,Belo Horizonte,2020,2419.0,89.0,590.0,172.0,158.0,612.0,149.0,493.0,,51.84
3106200,Belo Horizonte,2022,2417.0,91.33333333333333,540.6666666666666,147.66666666666666,134.0,587.6666666666666,161.0,622.6666666666666,,56.74
3205309,Vitória,2012,333.75,19.5,68.25,32.25,14.75,76.0,22.0,77.5,,52.58
3205309,Vitória,2013,334.75,13.0,72.25,28.5,17.0,81.25,24.0,79.75,,55.27
3205309,Vitória,2014,335.75,15.0,65.75,28.25,15.5,82.25,23.0,87.5,,57.41
3205309,Vitória,2015,336.5,15.75,61.5,25.0,16.25,80.0,25.0,93.25,,58.92
3205309,Vitória,2016,337.25,15.5,62.25,25.0,15.5,74.75,25.5,98.5,,58.93
3205309,Vitória,2017,338.0,14.5,65.0,20.25,18.75,72.75,26.25,101.25,,59.25
3205309,Vitória,2018,339.0,13.5,69.0,21.75,20.25,71.75,25.75,99.0,,57.96
3205309,Vitória,2019,339.75,13.0,67.5,17.25,20.75,73.25,27.0,97.75,,58.28
3205309,Vitória,2020,340.0,10.0,68.0,17.0,16.0,77.0,23.0,105.0,,60.29
3205309,Vitória,2022,342.0,13.666666666666666,60.333333333333336,18.0,18.333333333333332,75.0,29.0,112.33333333333333,,63.26
3304557,Rio de Janeiro,2012,6627.75,362.0,1824.5,717.5,395.75,1597.25,368.75,956.75,,44.1
3304557,Rio de Janeiro,2013,6645.25,332.75,1799.75,722.0,390.5,1673.25,325.5,990.25,,44.98
3304557,Rio de Janeiro,2014,6661.25,281.25,1667.0,749.25,374.5,1783.5,339.25,1072.5,,47.97
3304557,Rio de Janeiro,2015,6675.25,291.25,1552.75,747.25,347.0,1858.5,365.0,1140.0,,50.39
3304557,Rio de Janeiro,2016,6687.5,282.25,1591.75,662.25,363.0,1853.5,332.75,1234.0,,51.14
3304557,Rio de Janeiro,2017,6698.5,303.0,1542.75,622.0,406.75,1779.75,405.75,1258.5,,51.41
3304557,Rio de Janeiro,2018,6708.0,293.75,1438.25,532.0,379.25,1833.5,457.5,1380.25,,54.73
3304557,Rio de Janeiro,2019,6715.75,271.75,1376.5,486.75,385.0,1808.25,473.75,1543.0,,56.96
3304557,Rio de Janeiro,2020,6720.0,221.0,1324.0,473.0,411.0,1723.0,551.0,1692.0,,59.02
3304557,Rio de Janeiro,2022,6732.0,287.0,1166.3333333333333,421.3333333333333,379.0,1853.3333333333333,495.0,1797.6666666666667,,61.59
3550308,São Paulo,2012,11714.5,518.5,3311.5,1120.75,680.0,2924.0,555.25,1865.25,,45.62
3550308,São Paulo,2013,11738.0,560.75,3163.25,1126.0,702.0,2879.75,551.25,1999.5,,46.26
3550308,São Paulo,2014,11759.75,570.0,3045.25,1185.25,708.5,2790.5,620.25,2111.5,,46.96
3550308,São Paulo,2015,11780.0,530.5,3028.0,1102.0,764.75,2745.0,634.0,2303.75,,48.24
3550308,São Paulo,2016,11798.5,550.0,2783.25,1091.5,681.0,2927.25,612.25,2432.5,,50.62
3550308,São Paulo,2017,11816.0,518.0,2790.75,930.75,763.5,2977.25,612.75,2427.75,,50.93
3550308,São Paulo,2018,11831.25,538.5,2839.25,833.25,776.5,2953.5,664.0,2419.5,,51.03
3550308,São Paulo,2019,11845.25,471.75,2816.25,839.75,721.5,3037.25,652.75,2565.75,,52.81
3550308,São Paulo,2020,11853.0,446.0,2684.0,894.0,665.0,3073.0,664.0,2701.0,,54.32
3550308,São Paulo,2022,11881.0,551.3333333333334,2546.0,742.6666666666666,648.6666666666666,3048.0,675.3333333333334,2957.6666666666665,,56.23
4106902,Curitiba,2012,1807.5,75.75,449.25,176.25,98.75,434.25,114.25,333.0,,48.77
4106902,Curitiba,2013,1809.5,65.5,451.25,165.25,105.25,435.5,111.75,363.5,,50.33
4106902,Curitiba,2014,1811.5,70.75,415.5,169.25,107.75,445.25,115.75,372.5,,51.53
4106902,Curitiba,2015,1813.5,69.5,424.75,149.0,85.5,455.5,114.0,411.25,,54.08
4106902,Curitiba,2016,1815.5,71.25,422.5,153.75,92.0,450.0,98.5,420.5,,53.37
4106902,Curitiba,2017,1817.5,69.5,423.75,140.25,107.5,445.25,116.0,404.25,,53.12
4106902,Curitiba,2018,1819.5,64.75,422.5,126.75,98.75,450.0,118.0,429.25,,54.81
4106902,Curitiba,2019,1821.0,59.0,408.5,122.75,91.5,458.75,122.0,452.5,,56.74
4106902,Curitiba,2020,1822.0,51.0,402.0,122.0,102.0,467.0,126.0,450.0,,57.24
4106902,Curitiba,2022,1826.3333333333333,81.0,365.6666666666667,120.33333333333333,106.33333333333333,456.0,119.33333333333333,485.6666666666667,,58.09
4205407,Florianópolis,2012,446.5,17.25,118.5,41.0,26.5,97.25,31.5,85.75,,48.04
4205407,Florianópolis,2013,456.0,15.75,104.5,49.75,22.0,105.75,33.5,98.25,,52.08
4205407,Florianópolis,2014,466.0,16.75,104.5,46.5,26.75,102.5,38.25,107.25,,53.22
4205407,Florianópolis,2015,476.25,20.25,102.5,41.0,30.0,104.75,35.0,114.5,,53.39
4205407,Florianópolis,2016,487.0,18.25,99.75,39.25,26.5,117.75,39.25,117.5,,56.37
4205407,Florianópolis,2017,497.75,17.0,100.25,33.25,24.75,120.25,37.75,133.0,,58.46
4205407,Florianópolis,2018,508.5,22.0,100.0,35.0,26.5,111.5,45.75,139.0,,58.26
4205407,Florianópolis,2019,519.5,18.0,90.25,39.0,27.75,117.5,50.75,150.25,,61.31
4205407,Florianópolis,2020,527.0,17.0,92.0,39.0,33.0,120.0,44.0,155.0,,60.53
4205407,Florianópolis,2022,554.6666666666666,21.333333333333332,95.0,33.666666666666664,23.666666666666668,120.0,49.333333333333336,183.33333333333334,,63.58
4314902,Porto Alegre,2012,1431.75,60.75,401.25,126.75,74.5,293.0,119.5,277.75,,48.21
4314902,Porto Alegre,2013,1425.0,53.5,369.25,123.25,72.5,310.0,120.25,296.25,,50.98
4314902,Porto Alegre,2014,1419.0,59.0,368.0,121.75,81.5,303.75,118.0,284.0,,49.74
4314902,Porto Alegre,2015,1413.25,57.75,360.0,117.5,81.0,292.75,120.0,287.5,,49.55
4314902,Porto Alegre,2016,1408.5,57.25,349.25,109.0,83.25,297.0,111.0,311.25,,51.06
4314902,Porto Alegre,2017,1403.5,54.25,325.25,106.0,80.0,291.25,125.75,327.75,,53.06
4314902,Porto Alegre,2018,1400.25,47.5,329.0,108.0,74.25,287.25,126.25,335.25,,53.47
4314902,Porto Alegre,2019,1396.75,46.5,313.25,102.0,76.5,304.5,131.25,344.0,,55.83
4314902,Porto Alegre,2020,1395.0,50.0,330.0,91.0,74.0,315.0,118.0,348.0,,55.99
4314902,Porto Alegre,2022,1390.0,57.666666666666664,293.3333333333333,103.33333333333333,71.66666666666667,315.6666666666667,110.33333333333333,374.0,,57.55
5002704,Campo Grande,2012,827.25,44.25,276.5,85.25,52.5,160.25,50.5,91.75,,36.57
5002704,Campo Grande,2013,839.75,54.5,251.75,92.25,56.5,172.75,53.5,92.0,,37.9
5002704,Campo Grande,2014,852.5,51.0,252.0,86.25,59.5,178.0,55.75,100.75,,39.24
5002704,Campo Grande,2015,863.75,47.25,268.0,73.75,61.75,169.5,57.75,110.75,,39.13
5002704,Campo Grande,2016,875.5,45.0,264.5,72.5,56.0,184.5,70.5,119.25,,42.75
5002704,Campo Grande,2017,886.5,38.25,263.0,77.0,54.25,184.25,61.0,135.75,,42.98
5002704,Campo Grande,2018,897.25,44.5,251.75,72.0,66.5,186.25,57.0,149.75,,43.8
5002704,Campo Grande,2019,907.75,46.75,261.75,67.5,65.5,184.75,62.25,152.25,,43.98
5002704,Campo Grande,2020,914.0,45.0,265.0,63.0,64.0,199.0,57.0,154.0,,44.86
5002704,Campo Grande,2022,938.0,45.0,224.66666666666666,56.666666666666664,61.0,225.0,62.333333333333336,188.66666666666666,,50.75
5103403,Cuiabá,2012,580.0,41.0,154.0,56.75,38.0,137.5,35.25,80.25,,43.62
5103403,Cuiabá,2013,588.0,32.75,147.5,59.25,36.75,147.0,35.75,86.5,,45.79
5103403,Cuiabá,2014,596.0,44.5,143.75,66.5,29.0,142.0,41.25,83.25,,44.71
5103403,Cuiabá,2015,604.0,34.25,144.5,64.0,38.25,143.0,46.0,86.75,,45.65
5103403,Cuiabá,2016,612.0,40.0,157.5,51.25,39.0,150.75,34.25,92.25,,45.3
5103403,Cuiabá,2017,621.0,35.75,168.25,40.5,47.75,138.5,38.0,108.0,,45.81
5103403,Cuiabá,2018,629.25,34.5,159.25,43.5,48.75,131.75,42.0,120.75,,46.8
5103403,Cuiabá,2019,638.0,36.75,163.5,38.0,46.0,140.0,45.0,124.0,,48.43
5103403,Cuiabá,2020,644.0,31.0,165.0,45.0,50.0,157.0,43.0,108.0,,47.83
5103403,Cuiabá,2022,666.0,49.666666666666664,153.33333333333334,41.666666666666664,57.666666666666664,162.33333333333334,35.666666666666664,114.66666666666667,,46.95
5208707,Goiânia,2012,1377.25,68.5,366.5,120.75,97.0,346.5,85.5,204.25,,46.2
5208707,Goiânia,2013,1388.0,73.5,350.75,128.75,95.75,346.25,91.5,202.5,,46.13
5208707,Goiânia,2014,1398.75,65.0,359.75,125.0,87.0,347.0,97.5,212.75,,46.99
5208707,Goiânia,2015,1409.0,67.5,321.0,129.0,89.0,361.25,104.0,233.0,,49.56
5208707,Goiânia,2016,1419.5,74.25,335.5,120.75,86.5,345.25,99.75,257.5,,49.49
5208707,Goiânia,2017,1429.5,69.0,353.75,92.0,104.5,335.75,111.75,260.25,,49.51
5208707,Goiânia,2018,1439.5,71.0,351.25,92.25,99.75,361.5,117.25,264.25,,51.62
5208707,Goiânia,2019,1449.25,70.5,362.75,92.0,102.0,363.5,107.0,269.25,,51.04
5208707,Goiânia,2020,1455.0,66.0,356.0,95.0,109.0,369.0,108.0,267.0,,51.13
5208707,Goiânia,2022,1478.6666666666667,67.33333333333333,352.3333333333333,78.66666666666667,96.66666666666667,389.3333333333333,99.0,317.6666666666667,,54.51
5300108,Brasília,2012,2706.75,149.75,771.0,199.0,156.5,588.75,167.75,479.25,,45.65
5300108,Brasília,2013,2738.75,139.0,741.5,217.5,145.0,637.25,178.25,492.0,,47.74
5300108,Brasília,2014,2768.75,167.75,729.0,246.5,144.25,609.0,184.25,492.0,,46.42
5300108,Brasília,2015,2797.25,167.0,715.25,241.25,142.0,635.0,165.75,529.75,,47.56
5300108,Brasília,2016,2824.0,158.0,724.75,213.0,155.5,651.5,152.0,568.75,,48.59
5300108,Brasília,2017,2849.0,141.75,739.0,188.0,177.5,617.25,179.75,610.0,,49.39
5300108,Brasília,2018,2872.5,147.0,712.75,179.25,164.75,659.5,187.0,645.75,,51.95
5300108,Brasília,2019,2894.5,136.25,703.25,176.75,174.25,675.25,182.0,657.5,,52.33
5300108,Brasília,2020,2908.0,130.0,664.0,178.0,181.0,694.0,184.0,691.0,,53.95
5300108,Brasília,2022,2954.3333333333335,141.33333333333334,673.3333333333334,157.66666666666666,173.66666666666666,691.0,190.66666666666666,741.0,,54.92
